<?xml version="1.0"?>
<Leggero>
    <LeggeroCache></LeggeroCache>
	<LeggeroDB>
        <host>localhost</host>
		<pgport>5432</pgport>
		<dbtype>postgres</dbtype>
		<username>admin</username>
		<pwd>toor</pwd>
		<dbname>dds_17july_v1</dbname>
        <schema>leggero</schema>
        <port>5002</port>
	</LeggeroDB>

	<ddsPipelineServer>
		<host>localhost</host>
		<port>5010</port>
	</ddsPipelineServer>

	<sockerServer>
        <port>3001</port>
        <certificates>
            <private_key>...</private_key>
            <certificate>...</certificate>
        </certificates>
    </sockerServer>

	<LeggeroApp>
		<MaxRecords>400</MaxRecords>
	</LeggeroApp>
	<LeggeroWHS>
		<host>localhost</host>
		<port>8082</port>
		<outdir>/home/nyalazone-01/Desktop/hlc/raptor/raptor_docs/DWS_DATA</outdir>
		<LogDir>/home/nyalazone-01/Desktop/hlc/raptor/raptor_docs/leggerologs/whs</LogDir>
		<LogFile>WHS.log</LogFile>
		<AccessLog>WHSAccess.log</AccessLog>
		<LogLevel>DEBUG</LogLevel>
	</LeggeroWHS>
    <WHDatabase>
        <host>localhost</host>
		<pgport>5432</pgport>
        <username>admin</username>
        <pwd>toor</pwd>
		<dbname>asi_crm_prod_8july_v1</dbname>
        <schema>in_use</schema>
    </WHDatabase>

	<serverType>test</serverType>

	<excelDir>/home/nyalazone-01/Desktop/hlc/raptor/raptor_docs/excel/</excelDir>
	<downloadDir>/home/nyalazone-01/Desktop/hlc/raptor/raptor_docs/downloads/</downloadDir>
	<download_service_name>raptor_download</download_service_name>

	<ddsServer>
        <host>0.0.0.0</host>
        <port>5005</port>
        <dirname>/home/nyalazone-01/Desktop/hlc/raptor/raptor_docs/dds_data</dirname>
    </ddsServer>

	<DDS_APP_CORE_LOGS>
		<LogDir>/home/nyalazone-01/Desktop/hlc/raptor/logs/dds_logs</LogDir>
		<LogLevel>DEBUG</LogLevel>
	</DDS_APP_CORE_LOGS>

	<DDS_PIPELINE_LOGS>
		<LogDir>/home/nyalazone-01/Desktop/hlc/raptor/logs/dds_pipeline_logs</LogDir>
		<LogLevel>DEBUG</LogLevel>
	</DDS_PIPELINE_LOGS>

</Leggero>


